,accuracy,loss
0,tensor(0.0781),"tensor(18.0025, grad_fn=<NllLossBackward>)"
1,tensor(0.0859),"tensor(15.5299, grad_fn=<NllLossBackward>)"
2,tensor(0.0781),"tensor(13.4653, grad_fn=<NllLossBackward>)"
3,tensor(0.0938),"tensor(12.4073, grad_fn=<NllLossBackward>)"
4,tensor(0.1172),"tensor(13.0080, grad_fn=<NllLossBackward>)"
5,tensor(0.1094),"tensor(11.9192, grad_fn=<NllLossBackward>)"
6,tensor(0.1094),"tensor(11.6323, grad_fn=<NllLossBackward>)"
7,tensor(0.1094),"tensor(11.4244, grad_fn=<NllLossBackward>)"
8,tensor(0.0547),"tensor(12.0570, grad_fn=<NllLossBackward>)"
9,tensor(0.0781),"tensor(11.8322, grad_fn=<NllLossBackward>)"
10,tensor(0.1562),"tensor(10.7990, grad_fn=<NllLossBackward>)"
11,tensor(0.1016),"tensor(10.8841, grad_fn=<NllLossBackward>)"
12,tensor(0.1094),"tensor(11.8179, grad_fn=<NllLossBackward>)"
13,tensor(0.1172),"tensor(10.1917, grad_fn=<NllLossBackward>)"
14,tensor(0.0938),"tensor(10.6818, grad_fn=<NllLossBackward>)"
15,tensor(0.0859),"tensor(11.6096, grad_fn=<NllLossBackward>)"
16,tensor(0.0781),"tensor(10.6070, grad_fn=<NllLossBackward>)"
17,tensor(0.1406),"tensor(9.7158, grad_fn=<NllLossBackward>)"
18,tensor(0.1484),"tensor(11.1932, grad_fn=<NllLossBackward>)"
19,tensor(0.0859),"tensor(10.0475, grad_fn=<NllLossBackward>)"
20,tensor(0.1016),"tensor(11.6218, grad_fn=<NllLossBackward>)"
21,tensor(0.1328),"tensor(9.7081, grad_fn=<NllLossBackward>)"
22,tensor(0.0859),"tensor(9.9103, grad_fn=<NllLossBackward>)"
23,tensor(0.1250),"tensor(9.1863, grad_fn=<NllLossBackward>)"
24,tensor(0.1016),"tensor(10.8217, grad_fn=<NllLossBackward>)"
25,tensor(0.1016),"tensor(9.8892, grad_fn=<NllLossBackward>)"
26,tensor(0.1406),"tensor(9.2367, grad_fn=<NllLossBackward>)"
27,tensor(0.0938),"tensor(10.7857, grad_fn=<NllLossBackward>)"
28,tensor(0.0859),"tensor(10.3631, grad_fn=<NllLossBackward>)"
29,tensor(0.0938),"tensor(9.8587, grad_fn=<NllLossBackward>)"
30,tensor(0.1250),"tensor(9.3305, grad_fn=<NllLossBackward>)"
31,tensor(0.1328),"tensor(9.2036, grad_fn=<NllLossBackward>)"
32,tensor(0.0938),"tensor(10.3303, grad_fn=<NllLossBackward>)"
33,tensor(0.1094),"tensor(9.3927, grad_fn=<NllLossBackward>)"
34,tensor(0.0703),"tensor(9.0682, grad_fn=<NllLossBackward>)"
35,tensor(0.1016),"tensor(8.7678, grad_fn=<NllLossBackward>)"
36,tensor(0.1328),"tensor(9.3080, grad_fn=<NllLossBackward>)"
37,tensor(0.0859),"tensor(9.4788, grad_fn=<NllLossBackward>)"
38,tensor(0.1094),"tensor(10.1704, grad_fn=<NllLossBackward>)"
39,tensor(0.1172),"tensor(8.2297, grad_fn=<NllLossBackward>)"
40,tensor(0.1250),"tensor(10.0644, grad_fn=<NllLossBackward>)"
41,tensor(0.0625),"tensor(8.5857, grad_fn=<NllLossBackward>)"
42,tensor(0.1328),"tensor(7.9403, grad_fn=<NllLossBackward>)"
43,tensor(0.1016),"tensor(9.4215, grad_fn=<NllLossBackward>)"
44,tensor(0.1094),"tensor(9.7201, grad_fn=<NllLossBackward>)"
45,tensor(0.1641),"tensor(7.9945, grad_fn=<NllLossBackward>)"
46,tensor(0.0703),"tensor(8.6917, grad_fn=<NllLossBackward>)"
47,tensor(0.1484),"tensor(7.8786, grad_fn=<NllLossBackward>)"
48,tensor(0.1562),"tensor(8.3505, grad_fn=<NllLossBackward>)"
49,tensor(0.1094),"tensor(8.2074, grad_fn=<NllLossBackward>)"
50,tensor(0.0625),"tensor(8.8456, grad_fn=<NllLossBackward>)"
51,tensor(0.0859),"tensor(8.6292, grad_fn=<NllLossBackward>)"
52,tensor(0.1094),"tensor(9.1953, grad_fn=<NllLossBackward>)"
53,tensor(0.1484),"tensor(7.6895, grad_fn=<NllLossBackward>)"
54,tensor(0.1250),"tensor(8.4817, grad_fn=<NllLossBackward>)"
55,tensor(0.1328),"tensor(7.8967, grad_fn=<NllLossBackward>)"
56,tensor(0.1250),"tensor(9.0550, grad_fn=<NllLossBackward>)"
57,tensor(0.0938),"tensor(9.0240, grad_fn=<NllLossBackward>)"
58,tensor(0.1016),"tensor(8.5568, grad_fn=<NllLossBackward>)"
59,tensor(0.1016),"tensor(7.9738, grad_fn=<NllLossBackward>)"
60,tensor(0.0938),"tensor(8.4775, grad_fn=<NllLossBackward>)"
61,tensor(0.1328),"tensor(8.4613, grad_fn=<NllLossBackward>)"
62,tensor(0.1641),"tensor(8.2373, grad_fn=<NllLossBackward>)"
63,tensor(0.1172),"tensor(8.0769, grad_fn=<NllLossBackward>)"
64,tensor(0.1094),"tensor(7.8563, grad_fn=<NllLossBackward>)"
65,tensor(0.1094),"tensor(8.2098, grad_fn=<NllLossBackward>)"
66,tensor(0.1094),"tensor(7.7355, grad_fn=<NllLossBackward>)"
67,tensor(0.0859),"tensor(8.0649, grad_fn=<NllLossBackward>)"
68,tensor(0.1406),"tensor(6.8423, grad_fn=<NllLossBackward>)"
69,tensor(0.0781),"tensor(8.1161, grad_fn=<NllLossBackward>)"
70,tensor(0.1016),"tensor(7.9350, grad_fn=<NllLossBackward>)"
71,tensor(0.1406),"tensor(6.8967, grad_fn=<NllLossBackward>)"
72,tensor(0.1562),"tensor(7.4388, grad_fn=<NllLossBackward>)"
73,tensor(0.1250),"tensor(7.8653, grad_fn=<NllLossBackward>)"
74,tensor(0.1172),"tensor(7.3196, grad_fn=<NllLossBackward>)"
75,tensor(0.0859),"tensor(8.3935, grad_fn=<NllLossBackward>)"
76,tensor(0.1094),"tensor(7.7385, grad_fn=<NllLossBackward>)"
77,tensor(0.1328),"tensor(6.9793, grad_fn=<NllLossBackward>)"
78,tensor(0.1328),"tensor(7.4312, grad_fn=<NllLossBackward>)"
79,tensor(0.1484),"tensor(7.3358, grad_fn=<NllLossBackward>)"
80,tensor(0.1016),"tensor(7.2950, grad_fn=<NllLossBackward>)"
81,tensor(0.0547),"tensor(7.3105, grad_fn=<NllLossBackward>)"
82,tensor(0.0703),"tensor(7.8747, grad_fn=<NllLossBackward>)"
83,tensor(0.1406),"tensor(6.8463, grad_fn=<NllLossBackward>)"
84,tensor(0.1328),"tensor(8.3307, grad_fn=<NllLossBackward>)"
85,tensor(0.1406),"tensor(6.2871, grad_fn=<NllLossBackward>)"
86,tensor(0.0781),"tensor(6.9660, grad_fn=<NllLossBackward>)"
87,tensor(0.1094),"tensor(8.1686, grad_fn=<NllLossBackward>)"
88,tensor(0.1094),"tensor(7.0323, grad_fn=<NllLossBackward>)"
89,tensor(0.1016),"tensor(7.2057, grad_fn=<NllLossBackward>)"
90,tensor(0.0938),"tensor(7.5359, grad_fn=<NllLossBackward>)"
91,tensor(0.1172),"tensor(6.8694, grad_fn=<NllLossBackward>)"
92,tensor(0.0781),"tensor(7.0540, grad_fn=<NllLossBackward>)"
93,tensor(0.1484),"tensor(6.2877, grad_fn=<NllLossBackward>)"
94,tensor(0.0781),"tensor(7.2372, grad_fn=<NllLossBackward>)"
95,tensor(0.1172),"tensor(6.7415, grad_fn=<NllLossBackward>)"
96,tensor(0.1250),"tensor(7.4245, grad_fn=<NllLossBackward>)"
97,tensor(0.1328),"tensor(6.5181, grad_fn=<NllLossBackward>)"
98,tensor(0.1094),"tensor(6.6610, grad_fn=<NllLossBackward>)"
99,tensor(0.0938),"tensor(6.6930, grad_fn=<NllLossBackward>)"
100,tensor(0.1016),"tensor(6.2765, grad_fn=<NllLossBackward>)"
101,tensor(0.1328),"tensor(6.8804, grad_fn=<NllLossBackward>)"
102,tensor(0.1250),"tensor(6.7554, grad_fn=<NllLossBackward>)"
103,tensor(0.0938),"tensor(6.4967, grad_fn=<NllLossBackward>)"
104,tensor(0.0625),"tensor(6.2424, grad_fn=<NllLossBackward>)"
105,tensor(0.1094),"tensor(6.6318, grad_fn=<NllLossBackward>)"
106,tensor(0.1016),"tensor(6.3207, grad_fn=<NllLossBackward>)"
107,tensor(0.1484),"tensor(6.1116, grad_fn=<NllLossBackward>)"
108,tensor(0.0938),"tensor(6.4730, grad_fn=<NllLossBackward>)"
109,tensor(0.0625),"tensor(6.3364, grad_fn=<NllLossBackward>)"
110,tensor(0.1250),"tensor(6.6167, grad_fn=<NllLossBackward>)"
111,tensor(0.0938),"tensor(6.2464, grad_fn=<NllLossBackward>)"
112,tensor(0.1016),"tensor(6.2681, grad_fn=<NllLossBackward>)"
113,tensor(0.1406),"tensor(6.5081, grad_fn=<NllLossBackward>)"
114,tensor(0.1172),"tensor(6.1838, grad_fn=<NllLossBackward>)"
115,tensor(0.0859),"tensor(6.1226, grad_fn=<NllLossBackward>)"
116,tensor(0.1328),"tensor(5.5864, grad_fn=<NllLossBackward>)"
117,tensor(0.1484),"tensor(6.1527, grad_fn=<NllLossBackward>)"
118,tensor(0.1016),"tensor(5.6078, grad_fn=<NllLossBackward>)"
119,tensor(0.1328),"tensor(5.6779, grad_fn=<NllLossBackward>)"
120,tensor(0.1250),"tensor(5.8388, grad_fn=<NllLossBackward>)"
121,tensor(0.1406),"tensor(5.8746, grad_fn=<NllLossBackward>)"
122,tensor(0.1875),"tensor(5.0053, grad_fn=<NllLossBackward>)"
123,tensor(0.1328),"tensor(5.6850, grad_fn=<NllLossBackward>)"
124,tensor(0.1328),"tensor(6.1271, grad_fn=<NllLossBackward>)"
125,tensor(0.1250),"tensor(5.5909, grad_fn=<NllLossBackward>)"
126,tensor(0.1562),"tensor(5.9852, grad_fn=<NllLossBackward>)"
127,tensor(0.1094),"tensor(5.9729, grad_fn=<NllLossBackward>)"
128,tensor(0.1562),"tensor(6.0551, grad_fn=<NllLossBackward>)"
129,tensor(0.1562),"tensor(5.5184, grad_fn=<NllLossBackward>)"
130,tensor(0.1719),"tensor(5.6922, grad_fn=<NllLossBackward>)"
131,tensor(0.1406),"tensor(5.4946, grad_fn=<NllLossBackward>)"
132,tensor(0.0938),"tensor(6.1419, grad_fn=<NllLossBackward>)"
133,tensor(0.0938),"tensor(6.1610, grad_fn=<NllLossBackward>)"
134,tensor(0.1016),"tensor(5.4460, grad_fn=<NllLossBackward>)"
135,tensor(0.1172),"tensor(5.3110, grad_fn=<NllLossBackward>)"
136,tensor(0.1250),"tensor(5.7168, grad_fn=<NllLossBackward>)"
137,tensor(0.0938),"tensor(5.2767, grad_fn=<NllLossBackward>)"
138,tensor(0.0938),"tensor(5.6561, grad_fn=<NllLossBackward>)"
139,tensor(0.1719),"tensor(5.4590, grad_fn=<NllLossBackward>)"
140,tensor(0.1484),"tensor(5.2413, grad_fn=<NllLossBackward>)"
141,tensor(0.1016),"tensor(6.1390, grad_fn=<NllLossBackward>)"
142,tensor(0.1172),"tensor(5.2651, grad_fn=<NllLossBackward>)"
143,tensor(0.1484),"tensor(5.1947, grad_fn=<NllLossBackward>)"
144,tensor(0.1484),"tensor(5.2619, grad_fn=<NllLossBackward>)"
145,tensor(0.0781),"tensor(5.1785, grad_fn=<NllLossBackward>)"
146,tensor(0.1016),"tensor(5.6264, grad_fn=<NllLossBackward>)"
147,tensor(0.1250),"tensor(5.0267, grad_fn=<NllLossBackward>)"
148,tensor(0.1406),"tensor(4.6821, grad_fn=<NllLossBackward>)"
149,tensor(0.1016),"tensor(5.3651, grad_fn=<NllLossBackward>)"
150,tensor(0.0938),"tensor(5.5220, grad_fn=<NllLossBackward>)"
151,tensor(0.1172),"tensor(4.9632, grad_fn=<NllLossBackward>)"
152,tensor(0.1328),"tensor(5.1110, grad_fn=<NllLossBackward>)"
153,tensor(0.0938),"tensor(5.8255, grad_fn=<NllLossBackward>)"
154,tensor(0.1406),"tensor(4.7258, grad_fn=<NllLossBackward>)"
155,tensor(0.0859),"tensor(5.7899, grad_fn=<NllLossBackward>)"
156,tensor(0.1562),"tensor(4.5575, grad_fn=<NllLossBackward>)"
157,tensor(0.1797),"tensor(5.2218, grad_fn=<NllLossBackward>)"
158,tensor(0.1406),"tensor(5.3089, grad_fn=<NllLossBackward>)"
159,tensor(0.1953),"tensor(4.9256, grad_fn=<NllLossBackward>)"
160,tensor(0.1328),"tensor(5.1404, grad_fn=<NllLossBackward>)"
161,tensor(0.1797),"tensor(4.8962, grad_fn=<NllLossBackward>)"
162,tensor(0.0859),"tensor(5.8572, grad_fn=<NllLossBackward>)"
163,tensor(0.1250),"tensor(5.0375, grad_fn=<NllLossBackward>)"
164,tensor(0.1094),"tensor(4.5894, grad_fn=<NllLossBackward>)"
165,tensor(0.1406),"tensor(4.5571, grad_fn=<NllLossBackward>)"
166,tensor(0.0938),"tensor(5.3716, grad_fn=<NllLossBackward>)"
167,tensor(0.1172),"tensor(4.3574, grad_fn=<NllLossBackward>)"
168,tensor(0.1016),"tensor(5.2982, grad_fn=<NllLossBackward>)"
169,tensor(0.1641),"tensor(4.5762, grad_fn=<NllLossBackward>)"
170,tensor(0.1406),"tensor(4.5341, grad_fn=<NllLossBackward>)"
171,tensor(0.0547),"tensor(5.2712, grad_fn=<NllLossBackward>)"
172,tensor(0.1172),"tensor(4.6764, grad_fn=<NllLossBackward>)"
173,tensor(0.0781),"tensor(5.1871, grad_fn=<NllLossBackward>)"
174,tensor(0.0938),"tensor(4.7411, grad_fn=<NllLossBackward>)"
175,tensor(0.1094),"tensor(4.6834, grad_fn=<NllLossBackward>)"
176,tensor(0.1094),"tensor(4.7379, grad_fn=<NllLossBackward>)"
177,tensor(0.1484),"tensor(4.1718, grad_fn=<NllLossBackward>)"
178,tensor(0.1016),"tensor(5.2461, grad_fn=<NllLossBackward>)"
179,tensor(0.1016),"tensor(4.6360, grad_fn=<NllLossBackward>)"
180,tensor(0.1406),"tensor(4.8922, grad_fn=<NllLossBackward>)"
181,tensor(0.1016),"tensor(5.0959, grad_fn=<NllLossBackward>)"
182,tensor(0.1562),"tensor(4.0639, grad_fn=<NllLossBackward>)"
183,tensor(0.1172),"tensor(4.5023, grad_fn=<NllLossBackward>)"
184,tensor(0.1484),"tensor(4.4456, grad_fn=<NllLossBackward>)"
185,tensor(0.1328),"tensor(4.4092, grad_fn=<NllLossBackward>)"
186,tensor(0.1016),"tensor(4.5884, grad_fn=<NllLossBackward>)"
187,tensor(0.1250),"tensor(4.4433, grad_fn=<NllLossBackward>)"
188,tensor(0.1328),"tensor(4.4935, grad_fn=<NllLossBackward>)"
189,tensor(0.1172),"tensor(4.5919, grad_fn=<NllLossBackward>)"
190,tensor(0.1250),"tensor(4.1673, grad_fn=<NllLossBackward>)"
191,tensor(0.1328),"tensor(4.0263, grad_fn=<NllLossBackward>)"
192,tensor(0.1328),"tensor(4.4609, grad_fn=<NllLossBackward>)"
193,tensor(0.1406),"tensor(4.1005, grad_fn=<NllLossBackward>)"
194,tensor(0.1250),"tensor(4.4052, grad_fn=<NllLossBackward>)"
195,tensor(0.1328),"tensor(4.1607, grad_fn=<NllLossBackward>)"
196,tensor(0.1016),"tensor(3.8913, grad_fn=<NllLossBackward>)"
197,tensor(0.0938),"tensor(4.3023, grad_fn=<NllLossBackward>)"
198,tensor(0.1016),"tensor(4.3585, grad_fn=<NllLossBackward>)"
199,tensor(0.1406),"tensor(3.9788, grad_fn=<NllLossBackward>)"
200,tensor(0.1094),"tensor(3.7273, grad_fn=<NllLossBackward>)"
201,tensor(0.1172),"tensor(3.8045, grad_fn=<NllLossBackward>)"
202,tensor(0.1328),"tensor(3.7723, grad_fn=<NllLossBackward>)"
203,tensor(0.1641),"tensor(3.7248, grad_fn=<NllLossBackward>)"
204,tensor(0.1094),"tensor(3.9238, grad_fn=<NllLossBackward>)"
205,tensor(0.0859),"tensor(4.0466, grad_fn=<NllLossBackward>)"
206,tensor(0.1172),"tensor(4.0442, grad_fn=<NllLossBackward>)"
207,tensor(0.1484),"tensor(3.6398, grad_fn=<NllLossBackward>)"
208,tensor(0.1484),"tensor(3.7784, grad_fn=<NllLossBackward>)"
209,tensor(0.1094),"tensor(4.0199, grad_fn=<NllLossBackward>)"
210,tensor(0.1719),"tensor(3.7698, grad_fn=<NllLossBackward>)"
211,tensor(0.1016),"tensor(4.2929, grad_fn=<NllLossBackward>)"
212,tensor(0.1719),"tensor(3.9453, grad_fn=<NllLossBackward>)"
213,tensor(0.1562),"tensor(3.7077, grad_fn=<NllLossBackward>)"
214,tensor(0.1172),"tensor(3.6897, grad_fn=<NllLossBackward>)"
215,tensor(0.1953),"tensor(4.0103, grad_fn=<NllLossBackward>)"
216,tensor(0.1484),"tensor(3.6399, grad_fn=<NllLossBackward>)"
217,tensor(0.1016),"tensor(4.2988, grad_fn=<NllLossBackward>)"
218,tensor(0.1562),"tensor(3.4205, grad_fn=<NllLossBackward>)"
219,tensor(0.0938),"tensor(3.5453, grad_fn=<NllLossBackward>)"
220,tensor(0.0547),"tensor(4.0330, grad_fn=<NllLossBackward>)"
221,tensor(0.1328),"tensor(3.3361, grad_fn=<NllLossBackward>)"
222,tensor(0.1406),"tensor(3.4027, grad_fn=<NllLossBackward>)"
223,tensor(0.0625),"tensor(3.6479, grad_fn=<NllLossBackward>)"
224,tensor(0.0938),"tensor(3.8989, grad_fn=<NllLossBackward>)"
225,tensor(0.1406),"tensor(3.3177, grad_fn=<NllLossBackward>)"
226,tensor(0.0781),"tensor(3.6127, grad_fn=<NllLossBackward>)"
227,tensor(0.1953),"tensor(3.1757, grad_fn=<NllLossBackward>)"
228,tensor(0.1094),"tensor(3.5718, grad_fn=<NllLossBackward>)"
229,tensor(0.1250),"tensor(3.4671, grad_fn=<NllLossBackward>)"
230,tensor(0.1094),"tensor(3.6051, grad_fn=<NllLossBackward>)"
231,tensor(0.1016),"tensor(3.6032, grad_fn=<NllLossBackward>)"
232,tensor(0.1719),"tensor(3.2861, grad_fn=<NllLossBackward>)"
233,tensor(0.1719),"tensor(3.3817, grad_fn=<NllLossBackward>)"
234,tensor(0.1172),"tensor(3.5328, grad_fn=<NllLossBackward>)"
235,tensor(0.1094),"tensor(3.9171, grad_fn=<NllLossBackward>)"
236,tensor(0.1484),"tensor(3.6839, grad_fn=<NllLossBackward>)"
237,tensor(0.1172),"tensor(3.6246, grad_fn=<NllLossBackward>)"
238,tensor(0.1250),"tensor(3.5809, grad_fn=<NllLossBackward>)"
239,tensor(0.1562),"tensor(3.4111, grad_fn=<NllLossBackward>)"
240,tensor(0.0781),"tensor(3.6591, grad_fn=<NllLossBackward>)"
241,tensor(0.1172),"tensor(3.4523, grad_fn=<NllLossBackward>)"
242,tensor(0.1172),"tensor(3.9625, grad_fn=<NllLossBackward>)"
243,tensor(0.1172),"tensor(3.4323, grad_fn=<NllLossBackward>)"
244,tensor(0.1172),"tensor(3.3627, grad_fn=<NllLossBackward>)"
245,tensor(0.1719),"tensor(3.2908, grad_fn=<NllLossBackward>)"
246,tensor(0.1484),"tensor(3.4253, grad_fn=<NllLossBackward>)"
247,tensor(0.1094),"tensor(3.3844, grad_fn=<NllLossBackward>)"
248,tensor(0.1562),"tensor(3.1934, grad_fn=<NllLossBackward>)"
249,tensor(0.1797),"tensor(3.4158, grad_fn=<NllLossBackward>)"
250,tensor(0.0859),"tensor(3.3679, grad_fn=<NllLossBackward>)"
251,tensor(0.1562),"tensor(3.1275, grad_fn=<NllLossBackward>)"
252,tensor(0.1172),"tensor(3.3565, grad_fn=<NllLossBackward>)"
253,tensor(0.1484),"tensor(3.3790, grad_fn=<NllLossBackward>)"
254,tensor(0.1016),"tensor(3.3637, grad_fn=<NllLossBackward>)"
255,tensor(0.1484),"tensor(3.3409, grad_fn=<NllLossBackward>)"
256,tensor(0.1172),"tensor(3.4210, grad_fn=<NllLossBackward>)"
257,tensor(0.1094),"tensor(3.4288, grad_fn=<NllLossBackward>)"
258,tensor(0.1172),"tensor(3.7630, grad_fn=<NllLossBackward>)"
259,tensor(0.1250),"tensor(3.2972, grad_fn=<NllLossBackward>)"
260,tensor(0.1406),"tensor(3.2638, grad_fn=<NllLossBackward>)"
261,tensor(0.1875),"tensor(2.9884, grad_fn=<NllLossBackward>)"
262,tensor(0.1328),"tensor(3.3820, grad_fn=<NllLossBackward>)"
263,tensor(0.1406),"tensor(3.1756, grad_fn=<NllLossBackward>)"
264,tensor(0.1016),"tensor(3.3485, grad_fn=<NllLossBackward>)"
265,tensor(0.1250),"tensor(3.1038, grad_fn=<NllLossBackward>)"
266,tensor(0.1562),"tensor(3.4113, grad_fn=<NllLossBackward>)"
267,tensor(0.1328),"tensor(3.3469, grad_fn=<NllLossBackward>)"
268,tensor(0.1719),"tensor(3.1286, grad_fn=<NllLossBackward>)"
269,tensor(0.1406),"tensor(3.3143, grad_fn=<NllLossBackward>)"
270,tensor(0.1016),"tensor(3.4888, grad_fn=<NllLossBackward>)"
271,tensor(0.1484),"tensor(3.1228, grad_fn=<NllLossBackward>)"
272,tensor(0.1172),"tensor(3.3478, grad_fn=<NllLossBackward>)"
273,tensor(0.0703),"tensor(3.3085, grad_fn=<NllLossBackward>)"
274,tensor(0.1172),"tensor(3.0214, grad_fn=<NllLossBackward>)"
275,tensor(0.1953),"tensor(2.7308, grad_fn=<NllLossBackward>)"
276,tensor(0.1016),"tensor(3.2313, grad_fn=<NllLossBackward>)"
277,tensor(0.0859),"tensor(3.0253, grad_fn=<NllLossBackward>)"
278,tensor(0.1016),"tensor(3.3039, grad_fn=<NllLossBackward>)"
279,tensor(0.1719),"tensor(3.1445, grad_fn=<NllLossBackward>)"
280,tensor(0.1797),"tensor(2.9319, grad_fn=<NllLossBackward>)"
281,tensor(0.1484),"tensor(3.1552, grad_fn=<NllLossBackward>)"
282,tensor(0.1172),"tensor(2.8364, grad_fn=<NllLossBackward>)"
283,tensor(0.1328),"tensor(3.1027, grad_fn=<NllLossBackward>)"
284,tensor(0.1406),"tensor(3.0581, grad_fn=<NllLossBackward>)"
285,tensor(0.1172),"tensor(3.1949, grad_fn=<NllLossBackward>)"
286,tensor(0.0703),"tensor(3.1949, grad_fn=<NllLossBackward>)"
287,tensor(0.2109),"tensor(2.6176, grad_fn=<NllLossBackward>)"
288,tensor(0.1328),"tensor(2.7659, grad_fn=<NllLossBackward>)"
289,tensor(0.1016),"tensor(3.1347, grad_fn=<NllLossBackward>)"
290,tensor(0.1406),"tensor(2.9322, grad_fn=<NllLossBackward>)"
291,tensor(0.1250),"tensor(2.8360, grad_fn=<NllLossBackward>)"
292,tensor(0.1719),"tensor(3.0987, grad_fn=<NllLossBackward>)"
293,tensor(0.1172),"tensor(2.9488, grad_fn=<NllLossBackward>)"
294,tensor(0.1484),"tensor(3.0516, grad_fn=<NllLossBackward>)"
295,tensor(0.1406),"tensor(3.0608, grad_fn=<NllLossBackward>)"
296,tensor(0.1172),"tensor(3.0617, grad_fn=<NllLossBackward>)"
297,tensor(0.1250),"tensor(3.3033, grad_fn=<NllLossBackward>)"
298,tensor(0.2344),"tensor(2.8106, grad_fn=<NllLossBackward>)"
299,tensor(0.1250),"tensor(2.9652, grad_fn=<NllLossBackward>)"
300,tensor(0.1406),"tensor(2.9647, grad_fn=<NllLossBackward>)"
301,tensor(0.1484),"tensor(2.7940, grad_fn=<NllLossBackward>)"
302,tensor(0.2109),"tensor(2.7500, grad_fn=<NllLossBackward>)"
303,tensor(0.1406),"tensor(2.8187, grad_fn=<NllLossBackward>)"
304,tensor(0.1484),"tensor(2.8622, grad_fn=<NllLossBackward>)"
305,tensor(0.1484),"tensor(2.9825, grad_fn=<NllLossBackward>)"
306,tensor(0.2031),"tensor(2.6192, grad_fn=<NllLossBackward>)"
307,tensor(0.1172),"tensor(2.9951, grad_fn=<NllLossBackward>)"
308,tensor(0.1250),"tensor(3.0301, grad_fn=<NllLossBackward>)"
309,tensor(0.1172),"tensor(2.9566, grad_fn=<NllLossBackward>)"
310,tensor(0.1250),"tensor(3.0565, grad_fn=<NllLossBackward>)"
311,tensor(0.1562),"tensor(2.7170, grad_fn=<NllLossBackward>)"
312,tensor(0.1172),"tensor(2.9704, grad_fn=<NllLossBackward>)"
313,tensor(0.1172),"tensor(3.1735, grad_fn=<NllLossBackward>)"
314,tensor(0.1328),"tensor(2.8598, grad_fn=<NllLossBackward>)"
315,tensor(0.1875),"tensor(2.7108, grad_fn=<NllLossBackward>)"
316,tensor(0.1094),"tensor(3.0106, grad_fn=<NllLossBackward>)"
317,tensor(0.0781),"tensor(3.2316, grad_fn=<NllLossBackward>)"
318,tensor(0.1094),"tensor(3.2185, grad_fn=<NllLossBackward>)"
319,tensor(0.1875),"tensor(2.7856, grad_fn=<NllLossBackward>)"
320,tensor(0.1250),"tensor(2.7306, grad_fn=<NllLossBackward>)"
321,tensor(0.1406),"tensor(2.9555, grad_fn=<NllLossBackward>)"
322,tensor(0.1562),"tensor(2.6549, grad_fn=<NllLossBackward>)"
323,tensor(0.1094),"tensor(3.0776, grad_fn=<NllLossBackward>)"
324,tensor(0.1797),"tensor(2.7303, grad_fn=<NllLossBackward>)"
325,tensor(0.1406),"tensor(2.7116, grad_fn=<NllLossBackward>)"
326,tensor(0.2109),"tensor(2.7616, grad_fn=<NllLossBackward>)"
327,tensor(0.1484),"tensor(2.9861, grad_fn=<NllLossBackward>)"
328,tensor(0.1562),"tensor(2.7457, grad_fn=<NllLossBackward>)"
329,tensor(0.1641),"tensor(2.6788, grad_fn=<NllLossBackward>)"
330,tensor(0.1641),"tensor(2.7425, grad_fn=<NllLossBackward>)"
331,tensor(0.1484),"tensor(2.7856, grad_fn=<NllLossBackward>)"
332,tensor(0.1172),"tensor(2.7147, grad_fn=<NllLossBackward>)"
333,tensor(0.1875),"tensor(2.8159, grad_fn=<NllLossBackward>)"
334,tensor(0.1562),"tensor(2.6713, grad_fn=<NllLossBackward>)"
335,tensor(0.1328),"tensor(2.7689, grad_fn=<NllLossBackward>)"
336,tensor(0.1328),"tensor(3.0031, grad_fn=<NllLossBackward>)"
337,tensor(0.1953),"tensor(2.5284, grad_fn=<NllLossBackward>)"
338,tensor(0.1250),"tensor(2.7428, grad_fn=<NllLossBackward>)"
339,tensor(0.1094),"tensor(2.7927, grad_fn=<NllLossBackward>)"
340,tensor(0.1172),"tensor(2.8035, grad_fn=<NllLossBackward>)"
341,tensor(0.2031),"tensor(2.4224, grad_fn=<NllLossBackward>)"
342,tensor(0.2188),"tensor(2.5071, grad_fn=<NllLossBackward>)"
343,tensor(0.1016),"tensor(2.5698, grad_fn=<NllLossBackward>)"
344,tensor(0.1562),"tensor(2.5482, grad_fn=<NllLossBackward>)"
345,tensor(0.1562),"tensor(2.7197, grad_fn=<NllLossBackward>)"
346,tensor(0.1250),"tensor(2.6340, grad_fn=<NllLossBackward>)"
347,tensor(0.1328),"tensor(2.6847, grad_fn=<NllLossBackward>)"
348,tensor(0.1719),"tensor(2.3782, grad_fn=<NllLossBackward>)"
349,tensor(0.1641),"tensor(2.4805, grad_fn=<NllLossBackward>)"
350,tensor(0.1250),"tensor(2.6637, grad_fn=<NllLossBackward>)"
351,tensor(0.1328),"tensor(2.6071, grad_fn=<NllLossBackward>)"
352,tensor(0.1172),"tensor(2.6501, grad_fn=<NllLossBackward>)"
353,tensor(0.1172),"tensor(2.7059, grad_fn=<NllLossBackward>)"
354,tensor(0.1562),"tensor(2.5880, grad_fn=<NllLossBackward>)"
355,tensor(0.1875),"tensor(2.5276, grad_fn=<NllLossBackward>)"
356,tensor(0.2031),"tensor(2.4210, grad_fn=<NllLossBackward>)"
357,tensor(0.1484),"tensor(2.5427, grad_fn=<NllLossBackward>)"
358,tensor(0.1797),"tensor(2.5846, grad_fn=<NllLossBackward>)"
359,tensor(0.1562),"tensor(2.5601, grad_fn=<NllLossBackward>)"
360,tensor(0.1172),"tensor(2.6205, grad_fn=<NllLossBackward>)"
361,tensor(0.2578),"tensor(2.5156, grad_fn=<NllLossBackward>)"
362,tensor(0.1016),"tensor(2.6277, grad_fn=<NllLossBackward>)"
363,tensor(0.1328),"tensor(2.7204, grad_fn=<NllLossBackward>)"
364,tensor(0.1484),"tensor(2.5668, grad_fn=<NllLossBackward>)"
365,tensor(0.0859),"tensor(2.6073, grad_fn=<NllLossBackward>)"
366,tensor(0.0625),"tensor(2.9207, grad_fn=<NllLossBackward>)"
367,tensor(0.1719),"tensor(2.7522, grad_fn=<NllLossBackward>)"
368,tensor(0.1016),"tensor(2.5785, grad_fn=<NllLossBackward>)"
369,tensor(0.1250),"tensor(2.5809, grad_fn=<NllLossBackward>)"
370,tensor(0.1484),"tensor(2.6849, grad_fn=<NllLossBackward>)"
371,tensor(0.1719),"tensor(2.4437, grad_fn=<NllLossBackward>)"
372,tensor(0.1172),"tensor(2.5997, grad_fn=<NllLossBackward>)"
373,tensor(0.2031),"tensor(2.4872, grad_fn=<NllLossBackward>)"
374,tensor(0.1250),"tensor(2.4752, grad_fn=<NllLossBackward>)"
375,tensor(0.1562),"tensor(2.6359, grad_fn=<NllLossBackward>)"
376,tensor(0.1953),"tensor(2.3769, grad_fn=<NllLossBackward>)"
377,tensor(0.1562),"tensor(2.5653, grad_fn=<NllLossBackward>)"
378,tensor(0.1016),"tensor(2.6837, grad_fn=<NllLossBackward>)"
379,tensor(0.1250),"tensor(2.5301, grad_fn=<NllLossBackward>)"
380,tensor(0.1641),"tensor(2.3741, grad_fn=<NllLossBackward>)"
381,tensor(0.1328),"tensor(2.5416, grad_fn=<NllLossBackward>)"
382,tensor(0.2031),"tensor(2.5693, grad_fn=<NllLossBackward>)"
383,tensor(0.1797),"tensor(2.4237, grad_fn=<NllLossBackward>)"
384,tensor(0.1875),"tensor(2.4187, grad_fn=<NllLossBackward>)"
385,tensor(0.1719),"tensor(2.5295, grad_fn=<NllLossBackward>)"
386,tensor(0.1562),"tensor(2.4266, grad_fn=<NllLossBackward>)"
387,tensor(0.1406),"tensor(2.5870, grad_fn=<NllLossBackward>)"
388,tensor(0.1797),"tensor(2.5377, grad_fn=<NllLossBackward>)"
389,tensor(0.1719),"tensor(2.3845, grad_fn=<NllLossBackward>)"
390,tensor(0.1562),"tensor(2.5087, grad_fn=<NllLossBackward>)"
391,tensor(0.1719),"tensor(2.4149, grad_fn=<NllLossBackward>)"
392,tensor(0.1406),"tensor(2.5923, grad_fn=<NllLossBackward>)"
393,tensor(0.1328),"tensor(2.5584, grad_fn=<NllLossBackward>)"
394,tensor(0.1719),"tensor(2.5318, grad_fn=<NllLossBackward>)"
395,tensor(0.1094),"tensor(2.5845, grad_fn=<NllLossBackward>)"
396,tensor(0.1719),"tensor(2.4406, grad_fn=<NllLossBackward>)"
397,tensor(0.1641),"tensor(2.4329, grad_fn=<NllLossBackward>)"
398,tensor(0.1875),"tensor(2.4780, grad_fn=<NllLossBackward>)"
399,tensor(0.2344),"tensor(2.2184, grad_fn=<NllLossBackward>)"
400,tensor(0.1797),"tensor(2.4214, grad_fn=<NllLossBackward>)"
401,tensor(0.2266),"tensor(2.4350, grad_fn=<NllLossBackward>)"
402,tensor(0.2109),"tensor(2.2196, grad_fn=<NllLossBackward>)"
403,tensor(0.1094),"tensor(2.6035, grad_fn=<NllLossBackward>)"
404,tensor(0.1406),"tensor(2.4063, grad_fn=<NllLossBackward>)"
405,tensor(0.1484),"tensor(2.4914, grad_fn=<NllLossBackward>)"
406,tensor(0.1172),"tensor(2.3607, grad_fn=<NllLossBackward>)"
407,tensor(0.1953),"tensor(2.3028, grad_fn=<NllLossBackward>)"
408,tensor(0.1406),"tensor(2.4642, grad_fn=<NllLossBackward>)"
409,tensor(0.1641),"tensor(2.3014, grad_fn=<NllLossBackward>)"
410,tensor(0.1797),"tensor(2.2249, grad_fn=<NllLossBackward>)"
411,tensor(0.1484),"tensor(2.4073, grad_fn=<NllLossBackward>)"
412,tensor(0.1406),"tensor(2.3986, grad_fn=<NllLossBackward>)"
413,tensor(0.2344),"tensor(2.3140, grad_fn=<NllLossBackward>)"
414,tensor(0.1719),"tensor(2.4300, grad_fn=<NllLossBackward>)"
415,tensor(0.1562),"tensor(2.2966, grad_fn=<NllLossBackward>)"
416,tensor(0.1406),"tensor(2.4441, grad_fn=<NllLossBackward>)"
417,tensor(0.1875),"tensor(2.3479, grad_fn=<NllLossBackward>)"
418,tensor(0.1484),"tensor(2.2537, grad_fn=<NllLossBackward>)"
419,tensor(0.1875),"tensor(2.3285, grad_fn=<NllLossBackward>)"
420,tensor(0.1953),"tensor(2.3333, grad_fn=<NllLossBackward>)"
421,tensor(0.2031),"tensor(2.2140, grad_fn=<NllLossBackward>)"
422,tensor(0.1328),"tensor(2.4728, grad_fn=<NllLossBackward>)"
423,tensor(0.1797),"tensor(2.4519, grad_fn=<NllLossBackward>)"
424,tensor(0.1797),"tensor(2.3023, grad_fn=<NllLossBackward>)"
425,tensor(0.1719),"tensor(2.2988, grad_fn=<NllLossBackward>)"
426,tensor(0.1484),"tensor(2.4262, grad_fn=<NllLossBackward>)"
427,tensor(0.1406),"tensor(2.3254, grad_fn=<NllLossBackward>)"
428,tensor(0.1484),"tensor(2.3090, grad_fn=<NllLossBackward>)"
429,tensor(0.1172),"tensor(2.5624, grad_fn=<NllLossBackward>)"
430,tensor(0.1328),"tensor(2.4454, grad_fn=<NllLossBackward>)"
431,tensor(0.1406),"tensor(2.3458, grad_fn=<NllLossBackward>)"
432,tensor(0.1641),"tensor(2.4404, grad_fn=<NllLossBackward>)"
433,tensor(0.1562),"tensor(2.4233, grad_fn=<NllLossBackward>)"
434,tensor(0.1250),"tensor(2.3749, grad_fn=<NllLossBackward>)"
435,tensor(0.1250),"tensor(2.3241, grad_fn=<NllLossBackward>)"
436,tensor(0.1562),"tensor(2.2633, grad_fn=<NllLossBackward>)"
437,tensor(0.1328),"tensor(2.3102, grad_fn=<NllLossBackward>)"
438,tensor(0.1016),"tensor(2.4698, grad_fn=<NllLossBackward>)"
439,tensor(0.1719),"tensor(2.4842, grad_fn=<NllLossBackward>)"
440,tensor(0.1328),"tensor(2.3813, grad_fn=<NllLossBackward>)"
441,tensor(0.2109),"tensor(2.2511, grad_fn=<NllLossBackward>)"
442,tensor(0.1406),"tensor(2.4097, grad_fn=<NllLossBackward>)"
443,tensor(0.1641),"tensor(2.3651, grad_fn=<NllLossBackward>)"
444,tensor(0.1250),"tensor(2.3546, grad_fn=<NllLossBackward>)"
445,tensor(0.1875),"tensor(2.3399, grad_fn=<NllLossBackward>)"
446,tensor(0.1484),"tensor(2.3792, grad_fn=<NllLossBackward>)"
447,tensor(0.1328),"tensor(2.4027, grad_fn=<NllLossBackward>)"
448,tensor(0.1328),"tensor(2.4163, grad_fn=<NllLossBackward>)"
449,tensor(0.1172),"tensor(2.4632, grad_fn=<NllLossBackward>)"
450,tensor(0.1406),"tensor(2.3285, grad_fn=<NllLossBackward>)"
451,tensor(0.1641),"tensor(2.3818, grad_fn=<NllLossBackward>)"
452,tensor(0.1484),"tensor(2.3414, grad_fn=<NllLossBackward>)"
453,tensor(0.2344),"tensor(2.2378, grad_fn=<NllLossBackward>)"
454,tensor(0.1719),"tensor(2.2990, grad_fn=<NllLossBackward>)"
455,tensor(0.1719),"tensor(2.3319, grad_fn=<NllLossBackward>)"
456,tensor(0.1172),"tensor(2.4521, grad_fn=<NllLossBackward>)"
457,tensor(0.1797),"tensor(2.2916, grad_fn=<NllLossBackward>)"
458,tensor(0.1953),"tensor(2.3644, grad_fn=<NllLossBackward>)"
459,tensor(0.1953),"tensor(2.2648, grad_fn=<NllLossBackward>)"
460,tensor(0.1953),"tensor(2.2413, grad_fn=<NllLossBackward>)"
461,tensor(0.1484),"tensor(2.3866, grad_fn=<NllLossBackward>)"
462,tensor(0.1562),"tensor(2.3790, grad_fn=<NllLossBackward>)"
463,tensor(0.1797),"tensor(2.3016, grad_fn=<NllLossBackward>)"
464,tensor(0.2188),"tensor(2.2567, grad_fn=<NllLossBackward>)"
465,tensor(0.1094),"tensor(2.3564, grad_fn=<NllLossBackward>)"
466,tensor(0.1562),"tensor(2.2759, grad_fn=<NllLossBackward>)"
467,tensor(0.2109),"tensor(2.2786, grad_fn=<NllLossBackward>)"
468,tensor(0.1406),"tensor(2.3808, grad_fn=<NllLossBackward>)"
469,tensor(0.1328),"tensor(2.4772, grad_fn=<NllLossBackward>)"
470,tensor(0.1875),"tensor(2.3708, grad_fn=<NllLossBackward>)"
471,tensor(0.1641),"tensor(2.2102, grad_fn=<NllLossBackward>)"
472,tensor(0.1562),"tensor(2.2850, grad_fn=<NllLossBackward>)"
473,tensor(0.1484),"tensor(2.3714, grad_fn=<NllLossBackward>)"
474,tensor(0.2188),"tensor(2.2536, grad_fn=<NllLossBackward>)"
475,tensor(0.1719),"tensor(2.3403, grad_fn=<NllLossBackward>)"
476,tensor(0.1797),"tensor(2.3712, grad_fn=<NllLossBackward>)"
477,tensor(0.1328),"tensor(2.3680, grad_fn=<NllLossBackward>)"
478,tensor(0.1406),"tensor(2.3335, grad_fn=<NllLossBackward>)"
479,tensor(0.2031),"tensor(2.2351, grad_fn=<NllLossBackward>)"
480,tensor(0.1562),"tensor(2.2694, grad_fn=<NllLossBackward>)"
481,tensor(0.1328),"tensor(2.3251, grad_fn=<NllLossBackward>)"
482,tensor(0.1094),"tensor(2.5349, grad_fn=<NllLossBackward>)"
483,tensor(0.1328),"tensor(2.3253, grad_fn=<NllLossBackward>)"
484,tensor(0.1797),"tensor(2.3369, grad_fn=<NllLossBackward>)"
485,tensor(0.2109),"tensor(2.2507, grad_fn=<NllLossBackward>)"
486,tensor(0.2188),"tensor(2.0572, grad_fn=<NllLossBackward>)"
487,tensor(0.1797),"tensor(2.2633, grad_fn=<NllLossBackward>)"
488,tensor(0.1797),"tensor(2.3045, grad_fn=<NllLossBackward>)"
489,tensor(0.1953),"tensor(2.2911, grad_fn=<NllLossBackward>)"
490,tensor(0.1484),"tensor(2.2579, grad_fn=<NllLossBackward>)"
491,tensor(0.2188),"tensor(2.2648, grad_fn=<NllLossBackward>)"
492,tensor(0.1406),"tensor(2.2949, grad_fn=<NllLossBackward>)"
493,tensor(0.1484),"tensor(2.2555, grad_fn=<NllLossBackward>)"
494,tensor(0.1328),"tensor(2.4697, grad_fn=<NllLossBackward>)"
495,tensor(0.2031),"tensor(2.2291, grad_fn=<NllLossBackward>)"
496,tensor(0.1328),"tensor(2.2441, grad_fn=<NllLossBackward>)"
497,tensor(0.1484),"tensor(2.3142, grad_fn=<NllLossBackward>)"
498,tensor(0.1562),"tensor(2.3474, grad_fn=<NllLossBackward>)"
499,tensor(0.1641),"tensor(2.3683, grad_fn=<NllLossBackward>)"
500,tensor(0.1562),"tensor(2.3984, grad_fn=<NllLossBackward>)"
501,tensor(0.1484),"tensor(2.2242, grad_fn=<NllLossBackward>)"
502,tensor(0.1719),"tensor(2.4215, grad_fn=<NllLossBackward>)"
503,tensor(0.1719),"tensor(2.4380, grad_fn=<NllLossBackward>)"
504,tensor(0.2109),"tensor(2.3347, grad_fn=<NllLossBackward>)"
505,tensor(0.1328),"tensor(2.4126, grad_fn=<NllLossBackward>)"
506,tensor(0.1484),"tensor(2.3922, grad_fn=<NllLossBackward>)"
507,tensor(0.1719),"tensor(2.3875, grad_fn=<NllLossBackward>)"
508,tensor(0.1562),"tensor(2.2043, grad_fn=<NllLossBackward>)"
509,tensor(0.2109),"tensor(2.2522, grad_fn=<NllLossBackward>)"
510,tensor(0.1875),"tensor(2.3283, grad_fn=<NllLossBackward>)"
511,tensor(0.2266),"tensor(2.1747, grad_fn=<NllLossBackward>)"
512,tensor(0.2031),"tensor(2.1866, grad_fn=<NllLossBackward>)"
513,tensor(0.1719),"tensor(2.2299, grad_fn=<NllLossBackward>)"
514,tensor(0.1797),"tensor(2.2207, grad_fn=<NllLossBackward>)"
515,tensor(0.2500),"tensor(2.2033, grad_fn=<NllLossBackward>)"
516,tensor(0.2344),"tensor(2.2534, grad_fn=<NllLossBackward>)"
517,tensor(0.2109),"tensor(2.3531, grad_fn=<NllLossBackward>)"
518,tensor(0.1953),"tensor(2.3627, grad_fn=<NllLossBackward>)"
519,tensor(0.2422),"tensor(2.0532, grad_fn=<NllLossBackward>)"
520,tensor(0.1875),"tensor(2.4001, grad_fn=<NllLossBackward>)"
521,tensor(0.1797),"tensor(2.3415, grad_fn=<NllLossBackward>)"
522,tensor(0.1328),"tensor(2.4030, grad_fn=<NllLossBackward>)"
523,tensor(0.2266),"tensor(2.2580, grad_fn=<NllLossBackward>)"
524,tensor(0.1406),"tensor(2.3243, grad_fn=<NllLossBackward>)"
525,tensor(0.1953),"tensor(2.2561, grad_fn=<NllLossBackward>)"
526,tensor(0.1719),"tensor(2.3090, grad_fn=<NllLossBackward>)"
527,tensor(0.1875),"tensor(2.2255, grad_fn=<NllLossBackward>)"
528,tensor(0.1797),"tensor(2.3028, grad_fn=<NllLossBackward>)"
529,tensor(0.2188),"tensor(2.2246, grad_fn=<NllLossBackward>)"
530,tensor(0.1797),"tensor(2.1454, grad_fn=<NllLossBackward>)"
531,tensor(0.1797),"tensor(2.2916, grad_fn=<NllLossBackward>)"
532,tensor(0.2109),"tensor(2.1674, grad_fn=<NllLossBackward>)"
533,tensor(0.1484),"tensor(2.3069, grad_fn=<NllLossBackward>)"
534,tensor(0.2188),"tensor(2.1500, grad_fn=<NllLossBackward>)"
535,tensor(0.1484),"tensor(2.3623, grad_fn=<NllLossBackward>)"
536,tensor(0.1484),"tensor(2.2771, grad_fn=<NllLossBackward>)"
537,tensor(0.2109),"tensor(2.2045, grad_fn=<NllLossBackward>)"
538,tensor(0.2266),"tensor(2.3050, grad_fn=<NllLossBackward>)"
539,tensor(0.1797),"tensor(2.4309, grad_fn=<NllLossBackward>)"
540,tensor(0.1562),"tensor(2.3047, grad_fn=<NllLossBackward>)"
541,tensor(0.2031),"tensor(2.2312, grad_fn=<NllLossBackward>)"
542,tensor(0.2031),"tensor(2.1516, grad_fn=<NllLossBackward>)"
543,tensor(0.1797),"tensor(2.2664, grad_fn=<NllLossBackward>)"
544,tensor(0.2266),"tensor(2.1159, grad_fn=<NllLossBackward>)"
545,tensor(0.1953),"tensor(2.1280, grad_fn=<NllLossBackward>)"
546,tensor(0.1484),"tensor(2.2668, grad_fn=<NllLossBackward>)"
547,tensor(0.2734),"tensor(2.0427, grad_fn=<NllLossBackward>)"
548,tensor(0.1484),"tensor(2.2061, grad_fn=<NllLossBackward>)"
549,tensor(0.1484),"tensor(2.2956, grad_fn=<NllLossBackward>)"
550,tensor(0.1484),"tensor(2.2923, grad_fn=<NllLossBackward>)"
551,tensor(0.1953),"tensor(2.3489, grad_fn=<NllLossBackward>)"
552,tensor(0.1484),"tensor(2.2875, grad_fn=<NllLossBackward>)"
553,tensor(0.1797),"tensor(2.1945, grad_fn=<NllLossBackward>)"
554,tensor(0.1406),"tensor(2.2358, grad_fn=<NllLossBackward>)"
555,tensor(0.2109),"tensor(2.2157, grad_fn=<NllLossBackward>)"
556,tensor(0.1875),"tensor(2.1934, grad_fn=<NllLossBackward>)"
557,tensor(0.2344),"tensor(2.1287, grad_fn=<NllLossBackward>)"
558,tensor(0.1641),"tensor(2.2976, grad_fn=<NllLossBackward>)"
559,tensor(0.1797),"tensor(2.2226, grad_fn=<NllLossBackward>)"
560,tensor(0.2344),"tensor(2.1775, grad_fn=<NllLossBackward>)"
561,tensor(0.1797),"tensor(2.1521, grad_fn=<NllLossBackward>)"
562,tensor(0.1875),"tensor(2.2147, grad_fn=<NllLossBackward>)"
563,tensor(0.1719),"tensor(2.1448, grad_fn=<NllLossBackward>)"
564,tensor(0.1250),"tensor(2.2178, grad_fn=<NllLossBackward>)"
565,tensor(0.1406),"tensor(2.2926, grad_fn=<NllLossBackward>)"
566,tensor(0.1484),"tensor(2.2876, grad_fn=<NllLossBackward>)"
567,tensor(0.1562),"tensor(2.1049, grad_fn=<NllLossBackward>)"
568,tensor(0.2266),"tensor(2.1219, grad_fn=<NllLossBackward>)"
569,tensor(0.2344),"tensor(2.1385, grad_fn=<NllLossBackward>)"
570,tensor(0.1719),"tensor(2.2139, grad_fn=<NllLossBackward>)"
571,tensor(0.1953),"tensor(2.1461, grad_fn=<NllLossBackward>)"
572,tensor(0.2031),"tensor(2.1376, grad_fn=<NllLossBackward>)"
573,tensor(0.1641),"tensor(2.2948, grad_fn=<NllLossBackward>)"
574,tensor(0.2500),"tensor(2.1706, grad_fn=<NllLossBackward>)"
575,tensor(0.2422),"tensor(2.1343, grad_fn=<NllLossBackward>)"
576,tensor(0.1719),"tensor(2.0960, grad_fn=<NllLossBackward>)"
577,tensor(0.1953),"tensor(2.2863, grad_fn=<NllLossBackward>)"
578,tensor(0.1484),"tensor(2.2263, grad_fn=<NllLossBackward>)"
579,tensor(0.1484),"tensor(2.3045, grad_fn=<NllLossBackward>)"
580,tensor(0.1953),"tensor(2.2856, grad_fn=<NllLossBackward>)"
581,tensor(0.2422),"tensor(2.1458, grad_fn=<NllLossBackward>)"
582,tensor(0.1484),"tensor(2.3071, grad_fn=<NllLossBackward>)"
583,tensor(0.2031),"tensor(2.1519, grad_fn=<NllLossBackward>)"
584,tensor(0.1797),"tensor(2.1650, grad_fn=<NllLossBackward>)"
585,tensor(0.2344),"tensor(2.1181, grad_fn=<NllLossBackward>)"
586,tensor(0.2109),"tensor(2.2783, grad_fn=<NllLossBackward>)"
587,tensor(0.1641),"tensor(2.2306, grad_fn=<NllLossBackward>)"
588,tensor(0.1641),"tensor(2.3245, grad_fn=<NllLossBackward>)"
589,tensor(0.2344),"tensor(2.1389, grad_fn=<NllLossBackward>)"
590,tensor(0.1953),"tensor(2.0883, grad_fn=<NllLossBackward>)"
591,tensor(0.1953),"tensor(2.2242, grad_fn=<NllLossBackward>)"
592,tensor(0.1484),"tensor(2.2036, grad_fn=<NllLossBackward>)"
593,tensor(0.2656),"tensor(2.1866, grad_fn=<NllLossBackward>)"
594,tensor(0.2109),"tensor(2.2115, grad_fn=<NllLossBackward>)"
595,tensor(0.2109),"tensor(2.2610, grad_fn=<NllLossBackward>)"
596,tensor(0.1797),"tensor(2.3145, grad_fn=<NllLossBackward>)"
597,tensor(0.2266),"tensor(2.1591, grad_fn=<NllLossBackward>)"
598,tensor(0.1406),"tensor(2.2666, grad_fn=<NllLossBackward>)"
599,tensor(0.1797),"tensor(2.2137, grad_fn=<NllLossBackward>)"
600,tensor(0.1484),"tensor(2.4165, grad_fn=<NllLossBackward>)"
601,tensor(0.1641),"tensor(2.1783, grad_fn=<NllLossBackward>)"
602,tensor(0.2578),"tensor(2.1780, grad_fn=<NllLossBackward>)"
603,tensor(0.0859),"tensor(2.2796, grad_fn=<NllLossBackward>)"
604,tensor(0.1719),"tensor(2.1696, grad_fn=<NllLossBackward>)"
605,tensor(0.2422),"tensor(2.1281, grad_fn=<NllLossBackward>)"
606,tensor(0.1875),"tensor(2.1564, grad_fn=<NllLossBackward>)"
607,tensor(0.1875),"tensor(2.2606, grad_fn=<NllLossBackward>)"
608,tensor(0.2266),"tensor(2.2672, grad_fn=<NllLossBackward>)"
609,tensor(0.1953),"tensor(2.1944, grad_fn=<NllLossBackward>)"
610,tensor(0.2109),"tensor(2.1315, grad_fn=<NllLossBackward>)"
611,tensor(0.2422),"tensor(2.2363, grad_fn=<NllLossBackward>)"
612,tensor(0.1797),"tensor(2.1661, grad_fn=<NllLossBackward>)"
613,tensor(0.1953),"tensor(2.2231, grad_fn=<NllLossBackward>)"
614,tensor(0.2344),"tensor(2.2230, grad_fn=<NllLossBackward>)"
615,tensor(0.1641),"tensor(2.1285, grad_fn=<NllLossBackward>)"
616,tensor(0.1797),"tensor(2.2826, grad_fn=<NllLossBackward>)"
617,tensor(0.2109),"tensor(2.2136, grad_fn=<NllLossBackward>)"
618,tensor(0.1719),"tensor(2.3091, grad_fn=<NllLossBackward>)"
619,tensor(0.1719),"tensor(2.1476, grad_fn=<NllLossBackward>)"
620,tensor(0.1953),"tensor(2.2629, grad_fn=<NllLossBackward>)"
621,tensor(0.2344),"tensor(2.2879, grad_fn=<NllLossBackward>)"
622,tensor(0.2422),"tensor(2.0742, grad_fn=<NllLossBackward>)"
623,tensor(0.2031),"tensor(2.1281, grad_fn=<NllLossBackward>)"
624,tensor(0.2031),"tensor(2.0683, grad_fn=<NllLossBackward>)"
625,tensor(0.1406),"tensor(2.2725, grad_fn=<NllLossBackward>)"
626,tensor(0.2188),"tensor(2.2476, grad_fn=<NllLossBackward>)"
627,tensor(0.1719),"tensor(2.1691, grad_fn=<NllLossBackward>)"
628,tensor(0.1719),"tensor(2.2244, grad_fn=<NllLossBackward>)"
629,tensor(0.1953),"tensor(2.1421, grad_fn=<NllLossBackward>)"
630,tensor(0.2188),"tensor(2.1165, grad_fn=<NllLossBackward>)"
631,tensor(0.1641),"tensor(2.2028, grad_fn=<NllLossBackward>)"
632,tensor(0.1484),"tensor(2.2005, grad_fn=<NllLossBackward>)"
633,tensor(0.1719),"tensor(2.1858, grad_fn=<NllLossBackward>)"
634,tensor(0.1484),"tensor(2.1887, grad_fn=<NllLossBackward>)"
635,tensor(0.1484),"tensor(2.3208, grad_fn=<NllLossBackward>)"
636,tensor(0.2031),"tensor(2.2199, grad_fn=<NllLossBackward>)"
637,tensor(0.2031),"tensor(2.2173, grad_fn=<NllLossBackward>)"
638,tensor(0.2109),"tensor(2.1987, grad_fn=<NllLossBackward>)"
639,tensor(0.1875),"tensor(2.1553, grad_fn=<NllLossBackward>)"
640,tensor(0.1797),"tensor(2.1652, grad_fn=<NllLossBackward>)"
641,tensor(0.1797),"tensor(2.1473, grad_fn=<NllLossBackward>)"
642,tensor(0.1562),"tensor(2.1408, grad_fn=<NllLossBackward>)"
643,tensor(0.1172),"tensor(2.2457, grad_fn=<NllLossBackward>)"
644,tensor(0.1719),"tensor(2.1433, grad_fn=<NllLossBackward>)"
645,tensor(0.2891),"tensor(1.9653, grad_fn=<NllLossBackward>)"
646,tensor(0.2188),"tensor(2.1229, grad_fn=<NllLossBackward>)"
647,tensor(0.1875),"tensor(2.1596, grad_fn=<NllLossBackward>)"
648,tensor(0.2031),"tensor(2.1937, grad_fn=<NllLossBackward>)"
649,tensor(0.1953),"tensor(2.2509, grad_fn=<NllLossBackward>)"
650,tensor(0.1797),"tensor(2.1653, grad_fn=<NllLossBackward>)"
651,tensor(0.1016),"tensor(2.3000, grad_fn=<NllLossBackward>)"
652,tensor(0.2422),"tensor(2.0579, grad_fn=<NllLossBackward>)"
653,tensor(0.2031),"tensor(2.1815, grad_fn=<NllLossBackward>)"
654,tensor(0.1484),"tensor(2.2578, grad_fn=<NllLossBackward>)"
655,tensor(0.1953),"tensor(2.2475, grad_fn=<NllLossBackward>)"
656,tensor(0.2266),"tensor(2.0982, grad_fn=<NllLossBackward>)"
657,tensor(0.2344),"tensor(2.2449, grad_fn=<NllLossBackward>)"
658,tensor(0.1797),"tensor(2.2969, grad_fn=<NllLossBackward>)"
659,tensor(0.2734),"tensor(2.0836, grad_fn=<NllLossBackward>)"
660,tensor(0.2031),"tensor(2.2234, grad_fn=<NllLossBackward>)"
661,tensor(0.1719),"tensor(2.1693, grad_fn=<NllLossBackward>)"
662,tensor(0.2266),"tensor(2.1595, grad_fn=<NllLossBackward>)"
663,tensor(0.1875),"tensor(2.1082, grad_fn=<NllLossBackward>)"
664,tensor(0.1719),"tensor(2.1973, grad_fn=<NllLossBackward>)"
665,tensor(0.1875),"tensor(2.1165, grad_fn=<NllLossBackward>)"
666,tensor(0.1719),"tensor(2.3247, grad_fn=<NllLossBackward>)"
667,tensor(0.2969),"tensor(2.0854, grad_fn=<NllLossBackward>)"
668,tensor(0.1641),"tensor(2.2417, grad_fn=<NllLossBackward>)"
669,tensor(0.1953),"tensor(2.1721, grad_fn=<NllLossBackward>)"
670,tensor(0.2109),"tensor(2.1354, grad_fn=<NllLossBackward>)"
671,tensor(0.2031),"tensor(2.1494, grad_fn=<NllLossBackward>)"
672,tensor(0.1719),"tensor(2.2056, grad_fn=<NllLossBackward>)"
673,tensor(0.1875),"tensor(2.1151, grad_fn=<NllLossBackward>)"
674,tensor(0.2031),"tensor(2.2281, grad_fn=<NllLossBackward>)"
675,tensor(0.2344),"tensor(2.1526, grad_fn=<NllLossBackward>)"
676,tensor(0.2344),"tensor(2.1405, grad_fn=<NllLossBackward>)"
677,tensor(0.2344),"tensor(2.1640, grad_fn=<NllLossBackward>)"
678,tensor(0.2344),"tensor(2.0123, grad_fn=<NllLossBackward>)"
679,tensor(0.2031),"tensor(2.1551, grad_fn=<NllLossBackward>)"
680,tensor(0.2500),"tensor(2.1123, grad_fn=<NllLossBackward>)"
681,tensor(0.1953),"tensor(2.0772, grad_fn=<NllLossBackward>)"
682,tensor(0.2031),"tensor(2.1652, grad_fn=<NllLossBackward>)"
683,tensor(0.1719),"tensor(2.3346, grad_fn=<NllLossBackward>)"
684,tensor(0.2031),"tensor(2.0721, grad_fn=<NllLossBackward>)"
685,tensor(0.1562),"tensor(2.1068, grad_fn=<NllLossBackward>)"
686,tensor(0.1953),"tensor(2.0969, grad_fn=<NllLossBackward>)"
687,tensor(0.2031),"tensor(2.1759, grad_fn=<NllLossBackward>)"
688,tensor(0.2188),"tensor(2.2027, grad_fn=<NllLossBackward>)"
689,tensor(0.2500),"tensor(2.1780, grad_fn=<NllLossBackward>)"
690,tensor(0.1719),"tensor(2.2211, grad_fn=<NllLossBackward>)"
691,tensor(0.2188),"tensor(2.0295, grad_fn=<NllLossBackward>)"
692,tensor(0.2500),"tensor(1.9914, grad_fn=<NllLossBackward>)"
693,tensor(0.2422),"tensor(2.0381, grad_fn=<NllLossBackward>)"
694,tensor(0.2031),"tensor(2.1396, grad_fn=<NllLossBackward>)"
695,tensor(0.1875),"tensor(2.2154, grad_fn=<NllLossBackward>)"
696,tensor(0.1641),"tensor(2.2384, grad_fn=<NllLossBackward>)"
697,tensor(0.2109),"tensor(2.1318, grad_fn=<NllLossBackward>)"
698,tensor(0.2109),"tensor(2.1710, grad_fn=<NllLossBackward>)"
699,tensor(0.2031),"tensor(2.1340, grad_fn=<NllLossBackward>)"
700,tensor(0.2031),"tensor(2.0956, grad_fn=<NllLossBackward>)"
701,tensor(0.1953),"tensor(2.1020, grad_fn=<NllLossBackward>)"
702,tensor(0.2188),"tensor(2.0739, grad_fn=<NllLossBackward>)"
703,tensor(0.1953),"tensor(2.1389, grad_fn=<NllLossBackward>)"
704,tensor(0.2344),"tensor(2.1500, grad_fn=<NllLossBackward>)"
705,tensor(0.1953),"tensor(2.1673, grad_fn=<NllLossBackward>)"
706,tensor(0.1562),"tensor(2.1713, grad_fn=<NllLossBackward>)"
707,tensor(0.1797),"tensor(2.2669, grad_fn=<NllLossBackward>)"
708,tensor(0.1797),"tensor(2.1357, grad_fn=<NllLossBackward>)"
709,tensor(0.2188),"tensor(2.0878, grad_fn=<NllLossBackward>)"
710,tensor(0.1641),"tensor(2.1877, grad_fn=<NllLossBackward>)"
711,tensor(0.2344),"tensor(2.0792, grad_fn=<NllLossBackward>)"
712,tensor(0.2109),"tensor(2.0480, grad_fn=<NllLossBackward>)"
713,tensor(0.1875),"tensor(2.0699, grad_fn=<NllLossBackward>)"
714,tensor(0.2734),"tensor(2.0904, grad_fn=<NllLossBackward>)"
715,tensor(0.2734),"tensor(1.9777, grad_fn=<NllLossBackward>)"
716,tensor(0.1484),"tensor(2.2221, grad_fn=<NllLossBackward>)"
717,tensor(0.1562),"tensor(2.1574, grad_fn=<NllLossBackward>)"
718,tensor(0.1953),"tensor(2.2237, grad_fn=<NllLossBackward>)"
719,tensor(0.1172),"tensor(2.2422, grad_fn=<NllLossBackward>)"
720,tensor(0.1797),"tensor(2.3252, grad_fn=<NllLossBackward>)"
721,tensor(0.2578),"tensor(1.9966, grad_fn=<NllLossBackward>)"
722,tensor(0.1406),"tensor(2.2386, grad_fn=<NllLossBackward>)"
723,tensor(0.2031),"tensor(2.1365, grad_fn=<NllLossBackward>)"
724,tensor(0.1641),"tensor(2.2103, grad_fn=<NllLossBackward>)"
725,tensor(0.2734),"tensor(2.1529, grad_fn=<NllLossBackward>)"
726,tensor(0.1641),"tensor(2.1864, grad_fn=<NllLossBackward>)"
727,tensor(0.2344),"tensor(2.0130, grad_fn=<NllLossBackward>)"
728,tensor(0.2266),"tensor(2.1231, grad_fn=<NllLossBackward>)"
729,tensor(0.1797),"tensor(2.2068, grad_fn=<NllLossBackward>)"
730,tensor(0.2344),"tensor(2.0541, grad_fn=<NllLossBackward>)"
731,tensor(0.1641),"tensor(2.1839, grad_fn=<NllLossBackward>)"
732,tensor(0.2656),"tensor(1.9808, grad_fn=<NllLossBackward>)"
733,tensor(0.1875),"tensor(2.2056, grad_fn=<NllLossBackward>)"
734,tensor(0.1953),"tensor(2.0863, grad_fn=<NllLossBackward>)"
735,tensor(0.2734),"tensor(1.9855, grad_fn=<NllLossBackward>)"
736,tensor(0.1562),"tensor(2.1915, grad_fn=<NllLossBackward>)"
737,tensor(0.2422),"tensor(2.1317, grad_fn=<NllLossBackward>)"
738,tensor(0.1562),"tensor(2.1269, grad_fn=<NllLossBackward>)"
739,tensor(0.1641),"tensor(2.2489, grad_fn=<NllLossBackward>)"
740,tensor(0.2188),"tensor(2.2213, grad_fn=<NllLossBackward>)"
741,tensor(0.1875),"tensor(2.2112, grad_fn=<NllLossBackward>)"
742,tensor(0.2188),"tensor(2.0821, grad_fn=<NllLossBackward>)"
743,tensor(0.2344),"tensor(2.0377, grad_fn=<NllLossBackward>)"
744,tensor(0.2266),"tensor(2.0401, grad_fn=<NllLossBackward>)"
745,tensor(0.1562),"tensor(2.2357, grad_fn=<NllLossBackward>)"
746,tensor(0.2500),"tensor(2.0857, grad_fn=<NllLossBackward>)"
747,tensor(0.2344),"tensor(2.0954, grad_fn=<NllLossBackward>)"
748,tensor(0.2422),"tensor(2.0767, grad_fn=<NllLossBackward>)"
749,tensor(0.2188),"tensor(2.0209, grad_fn=<NllLossBackward>)"
750,tensor(0.2188),"tensor(2.1817, grad_fn=<NllLossBackward>)"
751,tensor(0.1875),"tensor(2.1622, grad_fn=<NllLossBackward>)"
752,tensor(0.1953),"tensor(2.1420, grad_fn=<NllLossBackward>)"
753,tensor(0.2266),"tensor(2.0406, grad_fn=<NllLossBackward>)"
754,tensor(0.2891),"tensor(1.9349, grad_fn=<NllLossBackward>)"
755,tensor(0.2109),"tensor(2.0712, grad_fn=<NllLossBackward>)"
756,tensor(0.2969),"tensor(1.9487, grad_fn=<NllLossBackward>)"
757,tensor(0.1641),"tensor(2.0847, grad_fn=<NllLossBackward>)"
758,tensor(0.2266),"tensor(2.0282, grad_fn=<NllLossBackward>)"
759,tensor(0.1953),"tensor(2.1057, grad_fn=<NllLossBackward>)"
760,tensor(0.2109),"tensor(2.1322, grad_fn=<NllLossBackward>)"
761,tensor(0.1641),"tensor(2.0797, grad_fn=<NllLossBackward>)"
762,tensor(0.3047),"tensor(1.9551, grad_fn=<NllLossBackward>)"
763,tensor(0.2031),"tensor(2.0935, grad_fn=<NllLossBackward>)"
764,tensor(0.2422),"tensor(2.0500, grad_fn=<NllLossBackward>)"
765,tensor(0.2031),"tensor(2.0961, grad_fn=<NllLossBackward>)"
766,tensor(0.2266),"tensor(2.0565, grad_fn=<NllLossBackward>)"
767,tensor(0.1641),"tensor(2.1476, grad_fn=<NllLossBackward>)"
768,tensor(0.3125),"tensor(1.9745, grad_fn=<NllLossBackward>)"
769,tensor(0.2812),"tensor(2.0520, grad_fn=<NllLossBackward>)"
770,tensor(0.2812),"tensor(1.9317, grad_fn=<NllLossBackward>)"
771,tensor(0.2422),"tensor(2.0499, grad_fn=<NllLossBackward>)"
772,tensor(0.1875),"tensor(2.0467, grad_fn=<NllLossBackward>)"
773,tensor(0.2188),"tensor(2.1491, grad_fn=<NllLossBackward>)"
774,tensor(0.2266),"tensor(2.0153, grad_fn=<NllLossBackward>)"
775,tensor(0.2500),"tensor(1.9959, grad_fn=<NllLossBackward>)"
776,tensor(0.2500),"tensor(2.0490, grad_fn=<NllLossBackward>)"
777,tensor(0.2500),"tensor(2.1409, grad_fn=<NllLossBackward>)"
778,tensor(0.2422),"tensor(2.0702, grad_fn=<NllLossBackward>)"
779,tensor(0.3047),"tensor(2.0060, grad_fn=<NllLossBackward>)"
780,tensor(0.2500),"tensor(2.0316, grad_fn=<NllLossBackward>)"
781,tensor(0.2656),"tensor(1.9870, grad_fn=<NllLossBackward>)"
782,tensor(0.2188),"tensor(2.1175, grad_fn=<NllLossBackward>)"
783,tensor(0.2422),"tensor(2.0093, grad_fn=<NllLossBackward>)"
784,tensor(0.2734),"tensor(2.1010, grad_fn=<NllLossBackward>)"
785,tensor(0.1641),"tensor(2.0604, grad_fn=<NllLossBackward>)"
786,tensor(0.1875),"tensor(2.1820, grad_fn=<NllLossBackward>)"
787,tensor(0.2266),"tensor(2.0490, grad_fn=<NllLossBackward>)"
788,tensor(0.1953),"tensor(2.1518, grad_fn=<NllLossBackward>)"
789,tensor(0.2734),"tensor(2.0032, grad_fn=<NllLossBackward>)"
790,tensor(0.2812),"tensor(2.0667, grad_fn=<NllLossBackward>)"
791,tensor(0.2891),"tensor(2.0405, grad_fn=<NllLossBackward>)"
792,tensor(0.2812),"tensor(1.9725, grad_fn=<NllLossBackward>)"
793,tensor(0.2266),"tensor(2.1064, grad_fn=<NllLossBackward>)"
794,tensor(0.1875),"tensor(2.0068, grad_fn=<NllLossBackward>)"
795,tensor(0.2266),"tensor(2.1225, grad_fn=<NllLossBackward>)"
796,tensor(0.2109),"tensor(2.1252, grad_fn=<NllLossBackward>)"
797,tensor(0.2266),"tensor(2.1294, grad_fn=<NllLossBackward>)"
798,tensor(0.1797),"tensor(2.0618, grad_fn=<NllLossBackward>)"
799,tensor(0.2422),"tensor(2.1723, grad_fn=<NllLossBackward>)"
800,tensor(0.2266),"tensor(2.0248, grad_fn=<NllLossBackward>)"
801,tensor(0.1953),"tensor(2.0083, grad_fn=<NllLossBackward>)"
802,tensor(0.2500),"tensor(2.0455, grad_fn=<NllLossBackward>)"
803,tensor(0.2266),"tensor(1.9500, grad_fn=<NllLossBackward>)"
804,tensor(0.2422),"tensor(2.1023, grad_fn=<NllLossBackward>)"
805,tensor(0.2188),"tensor(2.1284, grad_fn=<NllLossBackward>)"
806,tensor(0.1719),"tensor(2.1271, grad_fn=<NllLossBackward>)"
807,tensor(0.1406),"tensor(2.2276, grad_fn=<NllLossBackward>)"
808,tensor(0.2031),"tensor(2.0916, grad_fn=<NllLossBackward>)"
809,tensor(0.1875),"tensor(2.2345, grad_fn=<NllLossBackward>)"
810,tensor(0.2734),"tensor(2.0168, grad_fn=<NllLossBackward>)"
811,tensor(0.2656),"tensor(2.1157, grad_fn=<NllLossBackward>)"
812,tensor(0.1641),"tensor(2.2203, grad_fn=<NllLossBackward>)"
813,tensor(0.2188),"tensor(2.0933, grad_fn=<NllLossBackward>)"
814,tensor(0.1562),"tensor(2.1972, grad_fn=<NllLossBackward>)"
815,tensor(0.2422),"tensor(2.0175, grad_fn=<NllLossBackward>)"
816,tensor(0.2031),"tensor(2.1106, grad_fn=<NllLossBackward>)"
817,tensor(0.2891),"tensor(1.9958, grad_fn=<NllLossBackward>)"
818,tensor(0.1797),"tensor(2.1323, grad_fn=<NllLossBackward>)"
819,tensor(0.2266),"tensor(2.0821, grad_fn=<NllLossBackward>)"
820,tensor(0.2344),"tensor(2.0370, grad_fn=<NllLossBackward>)"
821,tensor(0.2031),"tensor(2.1207, grad_fn=<NllLossBackward>)"
822,tensor(0.2500),"tensor(2.0403, grad_fn=<NllLossBackward>)"
823,tensor(0.1953),"tensor(2.1037, grad_fn=<NllLossBackward>)"
824,tensor(0.2422),"tensor(2.0859, grad_fn=<NllLossBackward>)"
825,tensor(0.2656),"tensor(2.0631, grad_fn=<NllLossBackward>)"
826,tensor(0.2109),"tensor(2.0681, grad_fn=<NllLossBackward>)"
827,tensor(0.1953),"tensor(2.1963, grad_fn=<NllLossBackward>)"
828,tensor(0.1406),"tensor(2.1356, grad_fn=<NllLossBackward>)"
829,tensor(0.1953),"tensor(2.1380, grad_fn=<NllLossBackward>)"
830,tensor(0.2422),"tensor(2.0265, grad_fn=<NllLossBackward>)"
831,tensor(0.1719),"tensor(2.2283, grad_fn=<NllLossBackward>)"
832,tensor(0.2422),"tensor(2.0778, grad_fn=<NllLossBackward>)"
833,tensor(0.2734),"tensor(2.0477, grad_fn=<NllLossBackward>)"
834,tensor(0.2344),"tensor(2.1400, grad_fn=<NllLossBackward>)"
835,tensor(0.2578),"tensor(2.0674, grad_fn=<NllLossBackward>)"
836,tensor(0.2344),"tensor(2.1910, grad_fn=<NllLossBackward>)"
837,tensor(0.3203),"tensor(2.0807, grad_fn=<NllLossBackward>)"
838,tensor(0.2422),"tensor(2.0281, grad_fn=<NllLossBackward>)"
839,tensor(0.2344),"tensor(2.0604, grad_fn=<NllLossBackward>)"
840,tensor(0.1875),"tensor(2.2431, grad_fn=<NllLossBackward>)"
841,tensor(0.2344),"tensor(2.0500, grad_fn=<NllLossBackward>)"
842,tensor(0.2344),"tensor(2.0762, grad_fn=<NllLossBackward>)"
843,tensor(0.1562),"tensor(2.1827, grad_fn=<NllLossBackward>)"
844,tensor(0.2266),"tensor(2.1676, grad_fn=<NllLossBackward>)"
845,tensor(0.2031),"tensor(2.1165, grad_fn=<NllLossBackward>)"
846,tensor(0.1875),"tensor(2.1757, grad_fn=<NllLossBackward>)"
847,tensor(0.2578),"tensor(2.1090, grad_fn=<NllLossBackward>)"
848,tensor(0.1250),"tensor(2.1895, grad_fn=<NllLossBackward>)"
849,tensor(0.2188),"tensor(2.0647, grad_fn=<NllLossBackward>)"
850,tensor(0.2578),"tensor(2.0403, grad_fn=<NllLossBackward>)"
851,tensor(0.2109),"tensor(2.0966, grad_fn=<NllLossBackward>)"
852,tensor(0.2656),"tensor(2.0543, grad_fn=<NllLossBackward>)"
853,tensor(0.2500),"tensor(2.0763, grad_fn=<NllLossBackward>)"
854,tensor(0.2031),"tensor(2.1413, grad_fn=<NllLossBackward>)"
855,tensor(0.2031),"tensor(2.1206, grad_fn=<NllLossBackward>)"
856,tensor(0.2344),"tensor(2.1679, grad_fn=<NllLossBackward>)"
857,tensor(0.1328),"tensor(2.2370, grad_fn=<NllLossBackward>)"
858,tensor(0.1797),"tensor(2.0296, grad_fn=<NllLossBackward>)"
859,tensor(0.2109),"tensor(2.0823, grad_fn=<NllLossBackward>)"
860,tensor(0.1875),"tensor(2.1636, grad_fn=<NllLossBackward>)"
861,tensor(0.2109),"tensor(2.1402, grad_fn=<NllLossBackward>)"
862,tensor(0.2734),"tensor(2.0001, grad_fn=<NllLossBackward>)"
863,tensor(0.1797),"tensor(2.1642, grad_fn=<NllLossBackward>)"
864,tensor(0.1719),"tensor(2.1601, grad_fn=<NllLossBackward>)"
865,tensor(0.1719),"tensor(2.1635, grad_fn=<NllLossBackward>)"
866,tensor(0.2578),"tensor(2.1086, grad_fn=<NllLossBackward>)"
867,tensor(0.2188),"tensor(2.1443, grad_fn=<NllLossBackward>)"
868,tensor(0.1953),"tensor(2.1563, grad_fn=<NllLossBackward>)"
869,tensor(0.1953),"tensor(2.1512, grad_fn=<NllLossBackward>)"
870,tensor(0.2266),"tensor(2.0957, grad_fn=<NllLossBackward>)"
871,tensor(0.2734),"tensor(2.0649, grad_fn=<NllLossBackward>)"
872,tensor(0.1953),"tensor(2.1489, grad_fn=<NllLossBackward>)"
873,tensor(0.1953),"tensor(2.0444, grad_fn=<NllLossBackward>)"
874,tensor(0.2188),"tensor(2.0815, grad_fn=<NllLossBackward>)"
875,tensor(0.2109),"tensor(2.0682, grad_fn=<NllLossBackward>)"
876,tensor(0.1719),"tensor(2.1123, grad_fn=<NllLossBackward>)"
877,tensor(0.2734),"tensor(2.0314, grad_fn=<NllLossBackward>)"
878,tensor(0.2422),"tensor(2.1300, grad_fn=<NllLossBackward>)"
879,tensor(0.2109),"tensor(2.2357, grad_fn=<NllLossBackward>)"
880,tensor(0.1875),"tensor(2.1415, grad_fn=<NllLossBackward>)"
881,tensor(0.2031),"tensor(2.0981, grad_fn=<NllLossBackward>)"
882,tensor(0.2500),"tensor(2.1170, grad_fn=<NllLossBackward>)"
883,tensor(0.2031),"tensor(2.1341, grad_fn=<NllLossBackward>)"
884,tensor(0.2734),"tensor(2.0502, grad_fn=<NllLossBackward>)"
885,tensor(0.1719),"tensor(2.2834, grad_fn=<NllLossBackward>)"
886,tensor(0.2031),"tensor(2.0962, grad_fn=<NllLossBackward>)"
887,tensor(0.2891),"tensor(2.0003, grad_fn=<NllLossBackward>)"
888,tensor(0.2344),"tensor(2.0620, grad_fn=<NllLossBackward>)"
889,tensor(0.1875),"tensor(2.1976, grad_fn=<NllLossBackward>)"
890,tensor(0.2734),"tensor(2.0810, grad_fn=<NllLossBackward>)"
891,tensor(0.2500),"tensor(2.0583, grad_fn=<NllLossBackward>)"
892,tensor(0.2109),"tensor(2.1098, grad_fn=<NllLossBackward>)"
893,tensor(0.2266),"tensor(2.0409, grad_fn=<NllLossBackward>)"
894,tensor(0.2266),"tensor(2.0317, grad_fn=<NllLossBackward>)"
895,tensor(0.2422),"tensor(2.0794, grad_fn=<NllLossBackward>)"
896,tensor(0.2109),"tensor(2.0632, grad_fn=<NllLossBackward>)"
897,tensor(0.2422),"tensor(2.0067, grad_fn=<NllLossBackward>)"
898,tensor(0.1406),"tensor(2.2267, grad_fn=<NllLossBackward>)"
899,tensor(0.2734),"tensor(2.0601, grad_fn=<NllLossBackward>)"
900,tensor(0.1875),"tensor(2.1256, grad_fn=<NllLossBackward>)"
901,tensor(0.1797),"tensor(2.1711, grad_fn=<NllLossBackward>)"
902,tensor(0.1250),"tensor(2.1521, grad_fn=<NllLossBackward>)"
903,tensor(0.2344),"tensor(2.0537, grad_fn=<NllLossBackward>)"
904,tensor(0.1484),"tensor(2.2429, grad_fn=<NllLossBackward>)"
905,tensor(0.2734),"tensor(1.9653, grad_fn=<NllLossBackward>)"
906,tensor(0.2109),"tensor(2.0789, grad_fn=<NllLossBackward>)"
907,tensor(0.1953),"tensor(2.0841, grad_fn=<NllLossBackward>)"
908,tensor(0.1953),"tensor(2.1362, grad_fn=<NllLossBackward>)"
909,tensor(0.1484),"tensor(2.0940, grad_fn=<NllLossBackward>)"
910,tensor(0.2188),"tensor(2.1165, grad_fn=<NllLossBackward>)"
911,tensor(0.2109),"tensor(2.1237, grad_fn=<NllLossBackward>)"
912,tensor(0.1875),"tensor(2.1793, grad_fn=<NllLossBackward>)"
913,tensor(0.1875),"tensor(2.1175, grad_fn=<NllLossBackward>)"
914,tensor(0.2578),"tensor(2.0660, grad_fn=<NllLossBackward>)"
915,tensor(0.2266),"tensor(2.0816, grad_fn=<NllLossBackward>)"
916,tensor(0.2578),"tensor(2.1112, grad_fn=<NllLossBackward>)"
917,tensor(0.1719),"tensor(2.0247, grad_fn=<NllLossBackward>)"
918,tensor(0.1562),"tensor(2.2342, grad_fn=<NllLossBackward>)"
919,tensor(0.1953),"tensor(2.0440, grad_fn=<NllLossBackward>)"
920,tensor(0.2031),"tensor(2.1646, grad_fn=<NllLossBackward>)"
921,tensor(0.2578),"tensor(1.9258, grad_fn=<NllLossBackward>)"
922,tensor(0.2422),"tensor(2.0795, grad_fn=<NllLossBackward>)"
923,tensor(0.1562),"tensor(2.1424, grad_fn=<NllLossBackward>)"
924,tensor(0.1484),"tensor(2.1607, grad_fn=<NllLossBackward>)"
925,tensor(0.2109),"tensor(2.0730, grad_fn=<NllLossBackward>)"
926,tensor(0.2031),"tensor(2.1093, grad_fn=<NllLossBackward>)"
927,tensor(0.2188),"tensor(2.1442, grad_fn=<NllLossBackward>)"
928,tensor(0.2109),"tensor(2.0771, grad_fn=<NllLossBackward>)"
929,tensor(0.2344),"tensor(2.0966, grad_fn=<NllLossBackward>)"
930,tensor(0.2109),"tensor(2.0568, grad_fn=<NllLossBackward>)"
931,tensor(0.2734),"tensor(1.9981, grad_fn=<NllLossBackward>)"
932,tensor(0.1875),"tensor(2.0774, grad_fn=<NllLossBackward>)"
933,tensor(0.1641),"tensor(2.0950, grad_fn=<NllLossBackward>)"
934,tensor(0.1797),"tensor(2.0857, grad_fn=<NllLossBackward>)"
935,tensor(0.2656),"tensor(2.0507, grad_fn=<NllLossBackward>)"
936,tensor(0.2188),"tensor(2.0727, grad_fn=<NllLossBackward>)"
937,tensor(0.2734),"tensor(1.9660, grad_fn=<NllLossBackward>)"
938,tensor(0.1953),"tensor(2.1061, grad_fn=<NllLossBackward>)"
939,tensor(0.1641),"tensor(2.1782, grad_fn=<NllLossBackward>)"
940,tensor(0.2344),"tensor(2.1322, grad_fn=<NllLossBackward>)"
941,tensor(0.2031),"tensor(2.0459, grad_fn=<NllLossBackward>)"
942,tensor(0.2500),"tensor(2.0059, grad_fn=<NllLossBackward>)"
943,tensor(0.2344),"tensor(2.0449, grad_fn=<NllLossBackward>)"
944,tensor(0.1641),"tensor(2.1866, grad_fn=<NllLossBackward>)"
945,tensor(0.2188),"tensor(2.0542, grad_fn=<NllLossBackward>)"
946,tensor(0.1797),"tensor(2.0556, grad_fn=<NllLossBackward>)"
947,tensor(0.1328),"tensor(2.1993, grad_fn=<NllLossBackward>)"
948,tensor(0.2812),"tensor(2.0009, grad_fn=<NllLossBackward>)"
949,tensor(0.2109),"tensor(2.0697, grad_fn=<NllLossBackward>)"
950,tensor(0.2109),"tensor(2.1003, grad_fn=<NllLossBackward>)"
951,tensor(0.2109),"tensor(2.0189, grad_fn=<NllLossBackward>)"
952,tensor(0.1719),"tensor(2.1749, grad_fn=<NllLossBackward>)"
953,tensor(0.2344),"tensor(2.0790, grad_fn=<NllLossBackward>)"
954,tensor(0.1406),"tensor(2.1074, grad_fn=<NllLossBackward>)"
955,tensor(0.2734),"tensor(1.9992, grad_fn=<NllLossBackward>)"
956,tensor(0.2422),"tensor(2.1303, grad_fn=<NllLossBackward>)"
957,tensor(0.2500),"tensor(2.0717, grad_fn=<NllLossBackward>)"
958,tensor(0.2500),"tensor(1.9942, grad_fn=<NllLossBackward>)"
959,tensor(0.2500),"tensor(2.1086, grad_fn=<NllLossBackward>)"
960,tensor(0.2188),"tensor(2.0753, grad_fn=<NllLossBackward>)"
961,tensor(0.2109),"tensor(2.0775, grad_fn=<NllLossBackward>)"
962,tensor(0.1875),"tensor(2.0031, grad_fn=<NllLossBackward>)"
963,tensor(0.2500),"tensor(1.9936, grad_fn=<NllLossBackward>)"
964,tensor(0.1797),"tensor(2.1267, grad_fn=<NllLossBackward>)"
965,tensor(0.2109),"tensor(2.0036, grad_fn=<NllLossBackward>)"
966,tensor(0.2109),"tensor(2.0140, grad_fn=<NllLossBackward>)"
967,tensor(0.1875),"tensor(2.0682, grad_fn=<NllLossBackward>)"
968,tensor(0.2891),"tensor(1.9028, grad_fn=<NllLossBackward>)"
969,tensor(0.2500),"tensor(2.0594, grad_fn=<NllLossBackward>)"
970,tensor(0.2188),"tensor(2.0207, grad_fn=<NllLossBackward>)"
971,tensor(0.2656),"tensor(1.9461, grad_fn=<NllLossBackward>)"
972,tensor(0.2188),"tensor(2.0631, grad_fn=<NllLossBackward>)"
973,tensor(0.2344),"tensor(2.0323, grad_fn=<NllLossBackward>)"
974,tensor(0.2031),"tensor(2.0412, grad_fn=<NllLossBackward>)"
975,tensor(0.1641),"tensor(2.1099, grad_fn=<NllLossBackward>)"
976,tensor(0.2344),"tensor(2.0217, grad_fn=<NllLossBackward>)"
977,tensor(0.2109),"tensor(2.1351, grad_fn=<NllLossBackward>)"
978,tensor(0.2188),"tensor(2.0757, grad_fn=<NllLossBackward>)"
979,tensor(0.2344),"tensor(1.9546, grad_fn=<NllLossBackward>)"
980,tensor(0.1953),"tensor(2.0340, grad_fn=<NllLossBackward>)"
981,tensor(0.1953),"tensor(2.0147, grad_fn=<NllLossBackward>)"
982,tensor(0.2266),"tensor(2.0829, grad_fn=<NllLossBackward>)"
983,tensor(0.2812),"tensor(1.8849, grad_fn=<NllLossBackward>)"
984,tensor(0.2266),"tensor(1.9682, grad_fn=<NllLossBackward>)"
985,tensor(0.2188),"tensor(2.0592, grad_fn=<NllLossBackward>)"
986,tensor(0.2500),"tensor(1.9790, grad_fn=<NllLossBackward>)"
987,tensor(0.2031),"tensor(2.1101, grad_fn=<NllLossBackward>)"
988,tensor(0.2344),"tensor(2.0643, grad_fn=<NllLossBackward>)"
989,tensor(0.2344),"tensor(2.0636, grad_fn=<NllLossBackward>)"
990,tensor(0.2578),"tensor(1.9681, grad_fn=<NllLossBackward>)"
991,tensor(0.2344),"tensor(2.0334, grad_fn=<NllLossBackward>)"
992,tensor(0.1797),"tensor(2.1434, grad_fn=<NllLossBackward>)"
993,tensor(0.2109),"tensor(2.0612, grad_fn=<NllLossBackward>)"
994,tensor(0.2891),"tensor(1.9382, grad_fn=<NllLossBackward>)"
995,tensor(0.2266),"tensor(2.1232, grad_fn=<NllLossBackward>)"
996,tensor(0.2422),"tensor(2.1054, grad_fn=<NllLossBackward>)"
997,tensor(0.2031),"tensor(2.0612, grad_fn=<NllLossBackward>)"
998,tensor(0.2891),"tensor(2.0118, grad_fn=<NllLossBackward>)"
999,tensor(0.1953),"tensor(2.2172, grad_fn=<NllLossBackward>)"
1000,tensor(0.2266),"tensor(2.0204, grad_fn=<NllLossBackward>)"
